,name,company,year,Price,kms_driven,fuel_type,company_name
0,Hyundai Santro Xing XO eRLX Euro III,Hyundai,2007,80000,45000,Petrol,Hyundai
1,Mahindra Jeep CL550 MDI,Mahindra,2006,425000,40,Diesel,Mahindra
3,Hyundai Grand i10 Magna 1.2 Kappa VTVT,Hyundai,2014,325000,28000,Petrol,Hyundai
4,Ford EcoSport Titanium 1.5L TDCi,Ford,2014,575000,36000,Diesel,Ford
6,Ford Figo,Ford,2012,175000,41000,Diesel,Ford
7,Hyundai Eon,Hyundai,2013,190000,25000,Petrol,Hyundai
8,Ford EcoSport Ambiente 1.5L TDCi,Ford,2016,830000,24530,Diesel,Ford
9,Maruti Suzuki Alto K10 VXi AMT,Maruti,2015,250000,60000,Petrol,Maruti
10,Skoda Fabia Classic 1.2 MPI,Skoda,2010,182000,60000,Petrol,Skoda
11,Maruti Suzuki Stingray VXi,Maruti,2015,315000,30000,Petrol,Maruti
12,Hyundai Elite i20 Magna 1.2,Hyundai,2014,415000,32000,Petrol,Hyundai
13,Mahindra Scorpio SLE BS IV,Mahindra,2015,320000,48660,Diesel,Mahindra
14,Hyundai Santro Xing XO eRLX Euro III,Hyundai,2007,80000,45000,Petrol,Hyundai
15,Mahindra Jeep CL550 MDI,Mahindra,2006,425000,40,Diesel,Mahindra
16,Audi A8,Audi,2017,1000000,4000,Petrol,Audi
17,Audi Q7,Audi,2014,500000,16934,Diesel,Audi
18,Mahindra Scorpio S10,Mahindra,2016,350000,43000,Diesel,Mahindra
19,Maruti Suzuki Alto 800,Maruti,2014,160000,35550,Petrol,Maruti
20,Mahindra Scorpio S10,Mahindra,2016,350000,43000,Diesel,Mahindra
21,Mahindra Scorpio S10,Mahindra,2016,310000,39522,Diesel,Mahindra
22,Maruti Suzuki Alto 800 Vxi,Maruti,2015,75000,39000,Petrol,Maruti
23,Hyundai i20 Sportz 1.2,Hyundai,2012,100000,55000,Petrol,Hyundai
24,Hyundai i20 Sportz 1.2,Hyundai,2012,100000,55000,Petrol,Hyundai
25,Hyundai i20 Sportz 1.2,Hyundai,2012,100000,55000,Petrol,Hyundai
26,Maruti Suzuki Alto 800 Lx,Maruti,2017,190000,72000,Petrol,Maruti
27,Maruti Suzuki Vitara Brezza ZDi,Maruti,2016,290000,15975,Diesel,Maruti
28,Maruti Suzuki Alto LX,Maruti,2008,95000,70000,Petrol,Maruti
29,Mahindra Bolero DI,Mahindra,2017,180000,23452,Diesel,Mahindra
30,Maruti Suzuki Swift Dzire ZDi,Maruti,2014,385000,35522,Diesel,Maruti
31,Mahindra Scorpio S10 4WD,Mahindra,2015,250000,48508,Diesel,Mahindra
32,Maruti Suzuki Swift Vdi BSIII,Maruti,2017,180000,15487,Petrol,Maruti
33,Maruti Suzuki Wagon R VXi BS III,Maruti,2013,105000,39000,Petrol,Maruti
34,Maruti Suzuki Wagon R VXi Minor,Maruti,2013,105000,39000,Petrol,Maruti
35,Toyota Innova 2.0 G 8 STR BS IV,Toyota,2012,650000,82000,Diesel,Toyota
36,Renault Lodgy 85 PS RXL,Renault,2018,689999,20000,Diesel,Renault
37,Skoda Yeti Ambition 2.0 TDI CR 4x2,Skoda,2012,448000,68000,Diesel,Skoda
38,Maruti Suzuki Baleno Delta 1.2,Maruti,2017,549000,32000,Diesel,Maruti
39,Renault Duster 110 PS RxZ Diesel Plus,Renault,2012,501000,38000,Diesel,Renault
40,Renault Duster 85 PS RxE Diesel,Renault,2013,489999,27000,Diesel,Renault
41,Honda City 1.5 S MT,Honda,2011,280000,33000,Petrol,Honda
42,Maruti Suzuki Alto K10 VXi AMT,Maruti,2015,250000,60000,Petrol,Maruti
43,Maruti Suzuki Dzire,Maruti,2013,349999,46000,Diesel,Maruti
44,Honda Amaze,Honda,2013,284999,46000,Diesel,Honda
45,Honda Amaze 1.5 SX i DTEC,Honda,2015,345000,36000,Diesel,Honda
46,Honda City,Honda,2015,499999,55000,Petrol,Honda
47,Datsun Redi GO S,Datsun,2017,235000,16000,Petrol,Datsun
48,Maruti Suzuki SX4 ZXI MT,Maruti,2010,249999,36000,Petrol,Maruti
49,Mitsubishi Pajero Sport Limited Edition,Mitsubishi,2015,1475000,47000,Diesel,Mitsubishi
50,Mahindra Bolero DI,Mahindra,2017,180000,23452,Diesel,Mahindra
51,Maruti Suzuki Swift Dzire ZDi,Maruti,2014,385000,35522,Diesel,Maruti
52,Mahindra Scorpio S10 4WD,Mahindra,2015,250000,48508,Diesel,Mahindra
53,Maruti Suzuki Swift Vdi BSIII,Maruti,2017,180000,15487,Petrol,Maruti
54,Maruti Suzuki Wagon R VXi BS III,Maruti,2013,105000,39000,Petrol,Maruti
55,Maruti Suzuki Wagon R VXi Minor,Maruti,2013,105000,39000,Petrol,Maruti
56,Mahindra Scorpio S10,Mahindra,2015,395000,35000,Diesel,Mahindra
57,Maruti Suzuki Swift VXi 1.2 ABS BS IV,Maruti,2017,220000,30874,Petrol,Maruti
58,Honda City ZX CVT,Honda,2017,170000,15000,Diesel,Honda
59,Maruti Suzuki Wagon R LX BS IV,Maruti,2013,85000,29685,Petrol,Maruti
60,Ford Figo,Ford,2012,175000,41000,Diesel,Ford
61,Hyundai Eon,Hyundai,2013,190000,25000,Petrol,Hyundai
62,Tata Indigo eCS LS CR4 BS IV,Tata,2017,200000,130000,Diesel,Tata
63,Ford EcoSport Ambiente 1.5L TDCi,Ford,2016,830000,24530,Diesel,Ford
64,Tata Indigo eCS LS CR4 BS IV,Tata,2017,200000,130000,Diesel,Tata
65,Mahindra Scorpio SLE BS IV,Mahindra,2012,570000,19000,Diesel,Mahindra
66,Volkswagen Polo Highline Exquisite P,Volkswagen,2014,315000,60000,Petrol,Volkswagen
67,Skoda Fabia Classic 1.2 MPI,Skoda,2010,182000,60000,Petrol,Skoda
68,Maruti Suzuki Stingray VXi,Maruti,2015,315000,30000,Petrol,Maruti
70,Chevrolet Spark LS 1.0,Chevrolet,2010,110000,41000,Petrol,Chevrolet
71,Renault Duster 110PS Diesel RxZ,Renault,2012,501000,35000,Diesel,Renault
72,Honda City,Honda,2015,448999,54000,Petrol,Honda
73,Mini Cooper S 1.6,Mini,2013,1891111,13000,Petrol,Mini
74,Datsun Redi GO S,Datsun,2017,235000,16000,Petrol,Datsun
75,Skoda Fabia 1.2L Diesel Ambiente,Skoda,2011,159500,38200,Diesel,Skoda
76,Honda Amaze,Honda,2015,344999,22000,Petrol,Honda
77,Honda Amaze,Honda,2015,344999,22000,Petrol,Honda
78,Renault Duster,Renault,2014,449999,50000,Diesel,Renault
79,Mini Cooper S 1.6,Mini,2013,1891111,13500,Petrol,Mini
80,Mahindra Scorpio S4,Mahindra,2015,865000,30000,Diesel,Mahindra
81,Mahindra Scorpio VLX 2WD BS IV,Mahindra,2014,699000,50000,Diesel,Mahindra
82,Mahindra Quanto C8,Mahindra,2013,375000,20000,Diesel,Mahindra
83,Ford EcoSport,Ford,2017,489999,39000,Petrol,Ford
84,Honda Brio,Honda,2012,224999,30000,Petrol,Honda
86,Volkswagen Vento Highline Plus 1.5 Diesel AT,Volkswagen,2019,1200000,3600,Diesel,Volkswagen
87,Hyundai i20 Magna,Hyundai,2009,195000,32000,Petrol,Hyundai
88,Toyota Corolla Altis Diesel D4DG,Toyota,2010,351000,38000,Diesel,Toyota
89,Hyundai Verna Transform SX VTVT,Hyundai,2008,160000,45000,Petrol,Hyundai
90,Toyota Corolla Altis Petrol Ltd,Toyota,2009,240000,35000,Petrol,Toyota
91,Honda City 1.5 EXi New,Honda,2005,90000,50000,Petrol,Honda
92,Hyundai Elite i20 Magna 1.2,Hyundai,2014,415000,32000,Petrol,Hyundai
93,Skoda Fabia 1.2L Diesel Elegance,Skoda,2011,155000,45863,Diesel,Skoda
94,BMW 3 Series 320i,BMW,2011,600000,60500,Petrol,BMW
95,Maruti Suzuki A Star Lxi,Maruti,2011,189500,12500,Petrol,Maruti
96,Toyota Etios GD,Toyota,2013,350000,60000,Diesel,Toyota
97,Ford Figo Diesel EXI Option,Ford,2012,210000,35000,Diesel,Ford
98,Maruti Suzuki Swift Dzire VXi 1.2 BS IV,Maruti,2014,390000,35000,Petrol,Maruti
99,Chevrolet Beat LT Diesel,Chevrolet,2012,135000,45000,Diesel,Chevrolet
100,BMW 7 Series 740Li Sedan,BMW,2009,1600000,35000,Petrol,BMW
101,Mahindra XUV500 W8 AWD 2013,Mahindra,2013,701000,38000,Diesel,Mahindra
102,Hyundai i10 Magna 1.2,Hyundai,2014,265000,18000,Petrol,Hyundai
103,Hyundai Verna Fluidic New,Hyundai,2015,525000,35000,Diesel,Hyundai
104,Maruti Suzuki Swift VXi 1.2 BS IV,Maruti,2013,372000,13349,Petrol,Maruti
105,Maruti Suzuki Ertiga ZXI Plus,Maruti,2016,635000,29000,Petrol,Maruti
106,Ford EcoSport Titanium 1.5L TDCi,Ford,2014,550000,44000,Diesel,Ford
107,Maruti Suzuki Ertiga Vxi,Maruti,2016,575000,29000,Petrol,Maruti
108,Maruti Suzuki Ertiga VDi,Maruti,2013,485000,42000,Diesel,Maruti
109,Maruti Suzuki Alto LXi BS III,Maruti,2012,155000,14000,Petrol,Maruti
110,Hyundai Grand i10 Asta 1.1 CRDi,Hyundai,2014,345000,49000,Diesel,Hyundai
111,Honda Amaze 1.2 S i VTEC,Honda,2014,325000,42000,Petrol,Honda
112,Hyundai i20 Asta 1.4 CRDI 6 Speed,Hyundai,2012,329500,36200,Diesel,Hyundai
113,Ford Figo Diesel EXI,Ford,2014,195000,50000,Diesel,Ford
114,Maruti Suzuki Eeco 5 STR WITH AC HTR,Maruti,2015,251111,55000,Petrol,Maruti
115,Maruti Suzuki Ertiga ZXi,Maruti,2014,569999,45000,Petrol,Maruti
116,Maruti Suzuki Esteem LXi BS III,Maruti,2007,69999,51000,Petrol,Maruti
117,Maruti Suzuki Ritz VXI,Maruti,2014,299999,19000,Petrol,Maruti
118,Maruti Suzuki Dzire,Maruti,2009,220000,46000,Petrol,Maruti
119,Maruti Suzuki Ritz LDi,Maruti,2013,399999,33000,Diesel,Maruti
120,Maruti Suzuki Swift VXi 1.2 BS IV,Maruti,2013,372000,13349,Petrol,Maruti
121,Maruti Suzuki Dzire VDI,Maruti,2015,450000,104000,Diesel,Maruti
122,Toyota Etios Liva G,Toyota,2014,270000,55000,Petrol,Toyota
123,Hyundai i20 Sportz 1.4 CRDI,Hyundai,2011,350000,33333,Diesel,Hyundai
124,Chevrolet Spark,Chevrolet,2012,158400,33600,Petrol,Chevrolet
125,Maruti Suzuki Alto K10 VXi AMT,Maruti,2017,350000,5600,Petrol,Maruti
126,Nissan Micra XV,Nissan,2011,179000,41000,Petrol,Nissan
127,Maruti Suzuki Swift,Maruti,2007,125000,70000,Petrol,Maruti
128,Maruti Suzuki Alto 800,Maruti,2018,200000,7500,Petrol,Maruti
129,Honda Amaze 1.5 S i DTEC,Honda,2013,299000,45000,Diesel,Honda
130,Maruti Suzuki Alto 800 Vxi,Maruti,2015,220000,38000,Petrol,Maruti
131,Chevrolet Beat,Chevrolet,2015,150000,30000,Petrol,Chevrolet
133,Honda City 1.5 V MT,Honda,2010,285000,35000,Petrol,Honda
134,Ford EcoSport Trend 1.5L TDCi,Ford,2016,830000,24330,Diesel,Ford
135,Hyundai i20 Asta 1.2,Hyundai,2009,210000,65480,Petrol,Hyundai
136,Maruti Suzuki Swift Dzire VXi 1.2 BS IV,Maruti,2013,340000,41000,Petrol,Maruti
137,Tata Indica V2 eLS,Tata,2006,90000,20000,Petrol,Tata
139,Hindustan Motors Ambassador,Hindustan,2000,70000,200000,Diesel,Hindustan
140,Toyota Corolla Altis 1.8 GL,Toyota,2010,289999,70000,Petrol,Toyota
141,Toyota Corolla Altis 1.8 J,Toyota,2012,349999,59000,Petrol,Toyota
142,Toyota Innova 2.5 GX BS IV 7 STR,Toyota,2012,849999,99000,Diesel,Toyota
143,Volkswagen Jetta Highline TDI AT,Volkswagen,2014,749999,46000,Diesel,Volkswagen
144,Volkswagen Polo Comfortline 1.2L P,Volkswagen,2015,399999,2800,Petrol,Volkswagen
145,Volkswagen Polo,Volkswagen,2014,274999,32000,Petrol,Volkswagen
146,Mahindra Scorpio,Mahindra,2015,984999,22000,Diesel,Mahindra
147,Renault Duster,Renault,2014,449999,50000,Diesel,Renault
148,Honda Amaze,Honda,2015,344999,22000,Petrol,Honda
149,Nissan Sunny,Nissan,2012,224999,45000,Petrol,Nissan
150,Hyundai Elite i20,Hyundai,2018,599999,21000,Petrol,Hyundai
151,Renault Kwid,Renault,2016,244999,11000,Petrol,Renault
152,Renault Duster,Renault,2013,399999,41000,Diesel,Renault
153,Ford EcoSport,Ford,2017,489999,39000,Petrol,Ford
154,Renault Duster,Renault,2014,474999,50000,Diesel,Renault
155,Mahindra Scorpio VLX Airbag,Mahindra,2011,499999,66000,Diesel,Mahindra
156,Maruti Suzuki Alto 800 Lxi,Maruti,2018,310000,3000,Petrol,Maruti
157,Chevrolet Spark LT 1.0,Chevrolet,2010,85000,45000,Petrol,Chevrolet
158,Datsun Redi GO T O,Datsun,2016,245000,7000,Petrol,Datsun
159,Maruti Suzuki Swift RS VDI,Maruti,2010,189500,38500,Diesel,Maruti
160,Fiat Punto Emotion 1.2,Fiat,2012,169500,37200,Diesel,Fiat
161,Maruti Suzuki Swift RS VDI,Maruti,2010,159500,43200,Diesel,Maruti
162,Toyota Etios GD,Toyota,2013,275000,24800,Petrol,Toyota
163,Hyundai i20 Sportz 1.4 CRDI,Hyundai,2014,370000,60000,Diesel,Hyundai
164,Hyundai i10 Sportz 1.2,Hyundai,2010,168000,45872,Petrol,Hyundai
165,Chevrolet Beat LT Opt Diesel,Chevrolet,2011,150000,40000,Diesel,Chevrolet
166,Chevrolet Beat LS Diesel,Chevrolet,2011,145000,45000,Diesel,Chevrolet
167,Chevrolet Beat LT Diesel,Chevrolet,2012,98500,38000,Diesel,Chevrolet
168,Mahindra Scorpio VLX 2WD BS IV,Mahindra,2014,699000,50000,Diesel,Mahindra
169,Tata Indigo CS,Tata,2011,85000,11400,Diesel,Tata
170,Toyota Corolla Altis 1.8 J,Toyota,2015,575000,42000,Petrol,Toyota
171,Honda City 1.5 V MT,Honda,2014,549000,39000,Petrol,Honda
172,Maruti Suzuki Swift VDi,Maruti,2011,209000,47000,Diesel,Maruti
173,Hyundai Eon Era Plus,Hyundai,2013,185000,27000,Petrol,Hyundai
174,Mahindra Scorpio S10,Mahindra,2015,900000,97200,Diesel,Mahindra
175,Mahindra XUV500,Mahindra,2014,699999,52000,Diesel,Mahindra
176,Honda Brio,Honda,2012,224999,30000,Petrol,Honda
177,Ford Fiesta,Ford,2011,274999,55000,Diesel,Ford
178,Honda Amaze,Honda,2013,284999,46000,Diesel,Honda
179,Honda City,Honda,2015,599999,30000,Diesel,Honda
180,Maruti Suzuki Wagon R,Maruti,2012,199999,44000,Petrol,Maruti
181,Honda City,Honda,2014,544999,45000,Diesel,Honda
182,Hyundai i20,Hyundai,2009,199000,31000,Petrol,Hyundai
183,Tata Indigo eCS LX TDI BS III,Tata,2016,320000,175430,Diesel,Tata
184,Hyundai Fluidic Verna 1.6 CRDi SX,Hyundai,2015,540000,38000,Diesel,Hyundai
186,Mahindra Quanto C8,Mahindra,2013,340000,37000,Diesel,Mahindra
187,Fiat Petra ELX 1.2 PS,Fiat,2008,75000,65000,Petrol,Fiat
188,Skoda Fabia 1.2L Diesel Ambiente,Skoda,2011,159500,38200,Diesel,Skoda
189,Mini Cooper S 1.6,Mini,2013,1891111,13000,Petrol,Mini
190,Hyundai Santro Xing XS,Hyundai,2005,49000,7500,Petrol,Hyundai
191,Maruti Suzuki Ciaz VXi Plus,Maruti,2016,700000,3350,Petrol,Maruti
192,Maruti Suzuki Zen VX,Maruti,2000,55000,60000,Petrol,Maruti
193,Honda City,Honda,2015,448999,54000,Petrol,Honda
194,Hyundai Creta 1.6 SX Plus Petrol,Hyundai,2017,895000,32000,Petrol,Hyundai
196,Mahindra Scorpio SLX,Mahindra,2007,355000,75000,Diesel,Mahindra
197,Mahindra Scorpio SLE BS IV,Mahindra,2012,565000,62000,Diesel,Mahindra
198,Toyota Innova 2.5 G BS III 8 STR,Toyota,2006,365000,73000,Diesel,Toyota
199,Maruti Suzuki Alto K10 VXi AMT,Maruti,2011,145000,41000,Petrol,Maruti
200,Maruti Suzuki Wagon R LXI BS IV,Maruti,2011,210000,35000,Petrol,Maruti
201,Tata Nano Cx BSIV,Tata,2013,40000,2200,Petrol,Tata
202,Maruti Suzuki Alto Std BS IV,Maruti,2013,125000,39000,Petrol,Maruti
203,Maruti Suzuki Wagon R LXi BS III,Maruti,2009,135000,45000,Petrol,Maruti
204,Maruti Suzuki Swift VXI BSIII,Maruti,2006,135000,45000,Petrol,Maruti
205,Tata Sumo Victa EX 10 by 7 Str BSIII,Tata,2012,285000,65000,Diesel,Tata
207,Maruti Suzuki Wagon R LXi BS III,Maruti,2010,145000,54870,Petrol,Maruti
208,Maruti Suzuki Alto LXi BS III,Maruti,2010,135000,34580,Petrol,Maruti
209,Volkswagen Passat Diesel Comfortline AT,Volkswagen,2009,450000,97000,Diesel,Volkswagen
210,Renault Scala RxL Diesel Travelogue,Renault,2015,375000,25000,Diesel,Renault
211,Mahindra Quanto C8,Mahindra,2013,375000,20000,Diesel,Mahindra
212,Hyundai Grand i10 Sportz O 1.2 Kappa VTVT,Hyundai,2014,365000,20000,Petrol,Hyundai
213,Hyundai i20 Active 1.2 SX,Hyundai,2015,500000,18000,Petrol,Hyundai
214,Mahindra Xylo E4,Mahindra,2012,400000,35000,Diesel,Mahindra
215,Mahindra Jeep MM 550 XDB,Mahindra,2019,390000,60,Diesel,Mahindra
216,Renault Duster 110PS Diesel RxZ,Renault,2012,501000,35000,Diesel,Renault
217,Mahindra Bolero SLE BS IV,Mahindra,2013,330000,80200,Diesel,Mahindra
218,Force Motors Force One LX ABS 7 STR,Force,2015,580000,3200,Diesel,Force
219,Maruti Suzuki SX4,Maruti,2012,265000,46000,Diesel,Maruti
220,Mahindra Jeep CL550 MDI,Mahindra,2019,379000,0,Diesel,Mahindra
221,Maruti Suzuki Alto 800,Maruti,2015,219000,5000,Petrol,Maruti
222,Mahindra Jeep CL550 MDI,Mahindra,2018,385000,588,Diesel,Mahindra
223,Toyota Etios,Toyota,2011,275000,36000,Diesel,Toyota
224,Volkswagen Polo,Volkswagen,2015,330000,38000,Diesel,Volkswagen
225,Honda City ZX VTEC,Honda,2008,110000,45000,Petrol,Honda
226,Maruti Suzuki Wagon R LX BS III,Maruti,2006,80000,71200,Petrol,Maruti
227,Honda City VX O MT Diesel,Honda,2016,519000,52000,Diesel,Honda
228,Mahindra Thar CRDe 4x4 AC,Mahindra,2016,730000,29000,Diesel,Mahindra
229,Mitsubishi Pajero Sport Limited Edition,Mitsubishi,2015,1475000,47000,Diesel,Mitsubishi
230,Audi A4 1.8 TFSI Multitronic Premium Plus,Audi,2009,699000,47000,Petrol,Audi
231,Mercedes Benz GLA Class 200 CDI Sport,Mercedes,2015,2000000,20000,Diesel,Mercedes
232,Land Rover Freelander 2 SE,Land,2015,2100000,30000,Diesel,Land
233,Renault Kwid RXT,Renault,2017,340000,5000,Petrol,Renault
234,Tata Aria Pleasure 4X2,Tata,2014,390000,35000,Diesel,Tata
235,Mercedes Benz B Class B180 Sports,Mercedes,2014,1400000,31000,Petrol,Mercedes
236,Datsun GO T O,Datsun,2016,245000,7000,Petrol,Datsun
237,Tata Indigo eCS LX TDI BS III,Tata,2016,320000,175430,Diesel,Tata
238,Tata Indigo eCS LX TDI BS III,Tata,2016,320000,175400,Diesel,Tata
239,Honda Jazz VX MT,Honda,2016,450000,41000,Petrol,Honda
240,Honda Amaze 1.2 S i VTEC,Honda,2014,311000,33000,Petrol,Honda
241,Honda Amaze,Honda,2013,284999,46000,Diesel,Honda
242,Honda City,Honda,2012,399999,45000,Petrol,Honda
243,Honda City,Honda,2015,599999,39000,Diesel,Honda
244,Honda Amaze,Honda,2015,344999,22000,Petrol,Honda
245,Audi A4 1.8 TFSI Multitronic Premium Plus,Audi,2009,699000,47000,Petrol,Audi
246,Force Motors Force One LX ABS 7 STR,Force,2015,580000,3200,Diesel,Force
247,Mahindra Scorpio S4,Mahindra,2015,855000,30000,Diesel,Mahindra
248,Hyundai i20 Active 1.4L SX O,Hyundai,2015,535000,37000,Diesel,Hyundai
249,Mini Cooper S,Mini,2013,1891111,13000,Petrol,Mini
250,Maruti Suzuki Ciaz ZXI Plus,Maruti,2017,699000,14000,Petrol,Maruti
251,Chevrolet Tavera Neo,Chevrolet,2013,375000,55000,Diesel,Chevrolet
252,Honda Amaze,Honda,2013,284999,46000,Diesel,Honda
253,Hyundai Eon Sportz,Hyundai,2012,178000,30000,Petrol,Hyundai
254,Tata Sumo Gold Select Variant,Tata,2013,300000,50000,Diesel,Tata
255,Maruti Suzuki Wagon R 1.0,Maruti,2003,90000,45000,Petrol,Maruti
256,Maruti Suzuki Esteem VXi BS III,Maruti,2006,95000,45000,Petrol,Maruti
257,Maruti Suzuki Eeco 5 STR WITH AC HTR,Maruti,2015,255000,9300,Petrol,Maruti
258,Chevrolet Enjoy 1.4 LS 8 STR,Chevrolet,2013,245000,55000,Diesel,Chevrolet
259,Hyundai i20 Asta 1.4 CRDI 6 Speed,Hyundai,2012,329500,36200,Diesel,Hyundai
260,Ford Figo Diesel EXI,Ford,2014,195000,50000,Diesel,Ford
261,Maruti Suzuki Eeco 5 STR WITH AC HTR,Maruti,2015,251111,55000,Petrol,Maruti
262,Maruti Suzuki Ertiga ZXi,Maruti,2014,569999,45000,Petrol,Maruti
263,Maruti Suzuki Esteem LXi BS III,Maruti,2007,69999,51000,Petrol,Maruti
264,Maruti Suzuki Ritz VXI,Maruti,2014,299999,19000,Petrol,Maruti
265,Maruti Suzuki Dzire,Maruti,2009,220000,46000,Petrol,Maruti
266,Maruti Suzuki Ritz LDi,Maruti,2013,399999,33000,Diesel,Maruti
267,Maruti Suzuki SX4 ZXI MT,Maruti,2010,249999,36000,Petrol,Maruti
268,Maruti Suzuki Wagon R 1.0 VXi,Maruti,2015,289999,22000,Petrol,Maruti
269,Mini Cooper S 1.6,Mini,2013,1891111,13500,Petrol,Mini
270,Nissan Terrano XL D Plus,Nissan,2015,499999,60000,Diesel,Nissan
271,Renault Duster 85 PS RxE Diesel,Renault,2013,489999,27000,Diesel,Renault
272,Renault Duster 85 PS RxE Diesel,Renault,2014,489999,59000,Diesel,Renault
273,Renault Duster 85 PS RxL Diesel,Renault,2015,549999,19000,Diesel,Renault
274,Maruti Suzuki Dzire ZXI,Maruti,2013,380000,30000,Petrol,Maruti
275,Renault Kwid RXT Opt,Renault,2018,325000,15000,Petrol,Renault
276,Maruti Suzuki Maruti 800 Std,Maruti,2003,57000,56758,Petrol,Maruti
277,Renault Kwid 1.0 RXT AMT,Renault,2018,349999,10000,Petrol,Renault
278,Renault Lodgy 85 PS RXL,Renault,2018,689999,20000,Diesel,Renault
279,Renault Scala RxL Diesel,Renault,2014,349999,49000,Diesel,Renault
280,Hyundai Grand i10 Asta 1.2 Kappa VTVT O,Hyundai,2014,410000,41000,Petrol,Hyundai
281,Maruti Suzuki Swift Dzire VXi 1.2 BS IV,Maruti,2011,225000,45000,Petrol,Maruti
282,Chevrolet Beat LS Petrol,Chevrolet,2010,120000,43000,Petrol,Chevrolet
283,Tata Indigo eCS LX TDI BS III,Tata,2016,320000,175430,Diesel,Tata
284,Hyundai Santro Xing XO eRLX Euro III,Hyundai,2000,59000,56450,Petrol,Hyundai
285,Hyundai Fluidic Verna 1.6 CRDi SX,Hyundai,2015,540000,38000,Diesel,Hyundai
287,Chevrolet Beat LS Petrol,Chevrolet,2010,80000,56000,Petrol,Chevrolet
288,Mahindra Quanto C8,Mahindra,2013,340000,37000,Diesel,Mahindra
289,Fiat Petra ELX 1.2 PS,Fiat,2008,75000,65000,Petrol,Fiat
290,Chevrolet Beat LS Petrol,Chevrolet,2015,220000,32700,Petrol,Chevrolet
291,Skoda Fabia 1.2L Diesel Ambiente,Skoda,2011,159500,38200,Diesel,Skoda
292,Ford EcoSport Titanium 1.5L TDCi,Ford,2016,599000,30000,Diesel,Ford
293,Hyundai Accent GLX,Hyundai,2006,80000,56000,Petrol,Hyundai
296,Mahindra TUV300 T4 Plus,Mahindra,2016,675000,9000,Diesel,Mahindra
297,Mini Cooper S 1.6,Mini,2013,1891111,13000,Petrol,Mini
298,Mini Cooper S 1.6,Mini,2013,1891111,13000,Petrol,Mini
299,Tata Indica V2 Xeta e GLE,Tata,2008,150000,11000,Petrol,Tata
300,Mini Cooper S,Mini,2013,1891111,13000,Petrol,Mini
301,Tata Indigo CS LS DiCOR,Tata,2009,72500,46000,Diesel,Tata
302,Maruti Suzuki Swift VXi 1.2 ABS BS IV,Maruti,2019,610000,73,Petrol,Maruti
303,Mahindra Scorpio VLX Special Edition BS III,Mahindra,2004,230000,160000,Diesel,Mahindra
305,Honda Accord,Honda,2009,175000,58559,Petrol,Honda
306,Mahindra Scorpio S4,Mahindra,2015,855000,30000,Diesel,Mahindra
307,Chevrolet Tavera Neo,Chevrolet,2013,375000,55000,Diesel,Chevrolet
308,Ford EcoSport Titanium 1.5 TDCi,Ford,2014,520000,57000,Diesel,Ford
309,Maruti Suzuki Ertiga,Maruti,2015,524999,50000,Diesel,Maruti
310,Honda Amaze,Honda,2014,299999,37000,Petrol,Honda
311,Maruti Suzuki Dzire,Maruti,2012,299999,40000,Petrol,Maruti
312,Honda City,Honda,2011,284999,55000,Petrol,Honda
313,Mahindra Scorpio 2.6 CRDe,Mahindra,2007,220000,170000,Diesel,Mahindra
314,Maruti Suzuki Dzire,Maruti,2014,424999,55000,Diesel,Maruti
315,Honda City,Honda,2015,644999,39000,Petrol,Honda
316,Honda Mobilio,Honda,2014,399999,44000,Petrol,Honda
317,Toyota Corolla Altis,Toyota,2009,199999,65000,Petrol,Toyota
318,Honda City,Honda,2014,584999,39000,Petrol,Honda
319,Skoda Laura,Skoda,2012,349999,44000,Diesel,Skoda
320,Renault Duster,Renault,2015,449999,49000,Diesel,Renault
321,Maruti Suzuki Ertiga,Maruti,2018,799999,9000,Diesel,Maruti
322,Maruti Suzuki Dzire,Maruti,2015,444999,45000,Diesel,Maruti
323,Mahindra XUV500,Mahindra,2014,649999,47000,Diesel,Mahindra
324,Hyundai Verna Fluidic,Hyundai,2012,444999,40000,Diesel,Hyundai
325,Maruti Suzuki Vitara Brezza,Maruti,2016,689999,29000,Diesel,Maruti
326,Maruti Suzuki Wagon R,Maruti,2016,344999,15000,Petrol,Maruti
327,Mahindra Scorpio,Mahindra,2015,944999,45000,Diesel,Mahindra
328,Honda Amaze,Honda,2014,274999,35000,Petrol,Honda
329,Mahindra XUV500,Mahindra,2013,689999,80000,Diesel,Mahindra
330,Mahindra Scorpio,Mahindra,2013,574999,68000,Diesel,Mahindra
331,Skoda Laura,Skoda,2013,374999,50000,Diesel,Skoda
332,Volkswagen Polo,Volkswagen,2010,199999,60000,Diesel,Volkswagen
333,Hyundai Elite i20,Hyundai,2016,549999,9000,Petrol,Hyundai
334,Tata Manza Aura Quadrajet,Tata,2012,130000,72000,Diesel,Tata
335,Chevrolet Sail UVA Petrol LT ABS,Chevrolet,2013,210000,60000,Petrol,Chevrolet
336,Renault Duster 110 PS RxZ Diesel Plus,Renault,2012,501000,38000,Diesel,Renault
337,Hyundai Verna Fluidic 1.6 VTVT SX,Hyundai,2013,401000,45000,Diesel,Hyundai
338,Audi A4 2.0 TDI 177bhp Premium,Audi,2012,1350000,40000,Diesel,Audi
339,Hyundai Elantra SX,Hyundai,2013,600000,20000,Petrol,Hyundai
340,Mahindra Scorpio VLX 4WD Airbag,Mahindra,2013,610000,35000,Diesel,Mahindra
341,Mahindra KUV100 K8 D 6 STR,Mahindra,2016,400000,20000,Diesel,Mahindra
342,Renault Scala RxL Diesel Travelogue,Renault,2015,375000,25000,Diesel,Renault
343,Mahindra Quanto C8,Mahindra,2013,375000,20000,Diesel,Mahindra
344,Hyundai Grand i10 Sportz O 1.2 Kappa VTVT,Hyundai,2014,365000,20000,Petrol,Hyundai
345,Hyundai i20 Active 1.2 SX,Hyundai,2015,500000,18000,Petrol,Hyundai
346,Mahindra Xylo E4,Mahindra,2012,400000,35000,Diesel,Mahindra
347,Hyundai Grand i10,Hyundai,2017,524999,6821,Petrol,Hyundai
348,Hyundai i20,Hyundai,2014,449999,23000,Petrol,Hyundai
349,Hyundai Eon,Hyundai,2014,174999,14000,Petrol,Hyundai
350,Hyundai i10,Hyundai,2012,244999,38000,Petrol,Hyundai
351,Hyundai i20 Active,Hyundai,2015,574999,35000,Diesel,Hyundai
352,Datsun Redi GO,Datsun,2017,244999,22000,Petrol,Datsun
353,Toyota Etios Liva,Toyota,2011,239999,41000,Petrol,Toyota
354,Hyundai Accent,Hyundai,2010,99999,45000,Petrol,Hyundai
355,Hyundai Verna,Hyundai,2014,489999,44000,Diesel,Hyundai
356,Maruti Suzuki Swift,Maruti,2013,324999,45000,Diesel,Maruti
357,Toyota Fortuner,Toyota,2011,1074999,52000,Diesel,Toyota
358,Hyundai i10 Sportz,Hyundai,2012,230000,34000,Petrol,Hyundai
359,Mahindra Bolero Power Plus SLE,Mahindra,2018,699000,1800,Diesel,Mahindra
361,Mahindra XUV500,Mahindra,2015,1000000,15000,Diesel,Mahindra
362,Honda City 1.5 V MT Exclusive,Honda,2010,240000,400000,Petrol,Honda
363,Chevrolet Spark LT 1.0 Airbag,Chevrolet,2009,110000,44000,Petrol,Chevrolet
364,Mahindra Jeep MM 550 XDB,Mahindra,2019,390000,60,Diesel,Mahindra
365,Renault Duster 110PS Diesel RxZ,Renault,2012,501000,35000,Diesel,Renault
366,Mahindra XUV500,Mahindra,2016,1130000,72000,Diesel,Mahindra
367,Tata Indigo eCS VX CR4 BS IV,Tata,2014,250000,40000,Diesel,Tata
369,Mahindra Bolero SLE BS IV,Mahindra,2013,330000,80200,Diesel,Mahindra
370,Force Motors Force One LX ABS 7 STR,Force,2015,580000,3200,Diesel,Force
371,Skoda Rapid Elegance 1.6 TDI CR MT,Skoda,2013,340000,48000,Diesel,Skoda
372,Tata Vista Quadrajet VX,Tata,2011,120000,90000,Diesel,Tata
373,Maruti Suzuki Alto K10 VXi AT,Maruti,2015,265000,12000,Petrol,Maruti
374,Maruti Suzuki SX4,Maruti,2012,265000,46000,Diesel,Maruti
375,Maruti Suzuki Zen LXi BS III,Maruti,2003,85000,69900,Petrol,Maruti
376,Mahindra Jeep CL550 MDI,Mahindra,2019,379000,0,Diesel,Mahindra
377,Hyundai i10 Magna 1.2,Hyundai,2011,175000,45000,Petrol,Hyundai
378,Maruti Suzuki Alto 800,Maruti,2015,219000,5000,Petrol,Maruti
379,Maruti Suzuki Swift Dzire Tour LDi,Maruti,2016,350000,166000,Diesel,Maruti
380,Honda City ZX EXi,Honda,2008,149000,42000,Petrol,Honda
381,Mahindra Jeep CL550 MDI,Mahindra,2018,385000,588,Diesel,Mahindra
382,Mahindra Jeep MM 550 XDB,Mahindra,2006,425000,122,Diesel,Mahindra
383,Chevrolet Beat Diesel,Chevrolet,2017,150000,62000,Diesel,Chevrolet
384,Honda City 1.5 S MT,Honda,2010,225000,70000,Petrol,Honda
386,Hyundai Verna 1.4 VTVT,Hyundai,2014,375000,36000,Petrol,Hyundai
387,Toyota Innova 2.5 E MS 7 STR BS IV,Toyota,2012,770000,0,Diesel,Toyota
389,Maruti Suzuki Maruti 800 Std – Befo,Maruti,1995,30000,55000,Petrol,Maruti
390,Toyota Etios,Toyota,2011,275000,36000,Diesel,Toyota
391,Volkswagen Polo,Volkswagen,2015,330000,38000,Diesel,Volkswagen
392,Maruti Suzuki Swift,Maruti,2014,335000,55000,Diesel,Maruti
393,Hyundai Elite i20 Asta 1.4 CRDI,Hyundai,2015,450000,20000,Diesel,Hyundai
394,Maruti Suzuki Swift Dzire VXi 1.2 BS IV,Maruti,2012,225000,40000,Petrol,Maruti
396,Maruti Suzuki Versa DX2 8 SEATER BSIII,Maruti,2004,80000,50000,Petrol,Maruti
397,Tata Indigo LX TDI BS III,Tata,2016,130000,104000,Diesel,Tata
398,Volkswagen Vento Konekt Diesel Highline,Volkswagen,2011,245000,65000,Diesel,Volkswagen
399,Mercedes Benz C Class 200 CDI Classic,Mercedes,2002,399000,41000,Petrol,Mercedes
400,Maruti Suzuki Ertiga VDi,Maruti,2013,450000,90000,Diesel,Maruti
402,Honda City,Honda,2000,65000,80000,Petrol,Honda
403,Hyundai Santro Xing GLS,Hyundai,2006,75000,46000,Petrol,Hyundai
404,Maruti Suzuki Omni Limited Edition,Maruti,2001,70000,70000,Petrol,Maruti
405,Hyundai Sonata Transform 2.4 GDi MT,Hyundai,2017,190000,36469,Diesel,Hyundai
406,Hyundai Elite i20 Sportz 1.2,Hyundai,2018,600000,7800,Petrol,Hyundai
407,Volkswagen Vento Konekt Diesel Highline,Volkswagen,2011,245000,65000,Diesel,Volkswagen
408,Maruti Suzuki Alto 800 Lxi,Maruti,2017,240000,60000,Petrol,Maruti
409,Maruti Suzuki Alto LXi BS III,Maruti,2011,155000,32000,Petrol,Maruti
410,Honda Jazz S MT,Honda,2009,169999,24695,Petrol,Honda
411,Hyundai Grand i10 Sportz 1.2 Kappa VTVT,Hyundai,2017,450000,15141,Petrol,Hyundai
412,Maruti Suzuki Zen LXi BSII,Maruti,2001,40000,40000,Petrol,Maruti
413,Mahindra Scorpio W Turbo 2.6DX 9 Seater,Mahindra,2012,165000,65000,Diesel,Mahindra
415,Maruti Suzuki Alto K10 VXi,Maruti,2014,270000,22000,Petrol,Maruti
416,Hyundai Grand i10 Asta 1.2 Kappa VTVT,Hyundai,2016,280000,59910,Diesel,Hyundai
417,Mahindra XUV500 W8,Mahindra,2012,560000,100000,Diesel,Mahindra
418,Hyundai Creta 1.6 SX Plus Petrol,Hyundai,2016,950000,25000,Petrol,Hyundai
419,Hyundai i20 Magna O 1.2,Hyundai,2013,310000,35000,Petrol,Hyundai
420,Renault Duster 85 PS RxL Explore LE,Renault,2015,715000,65000,Diesel,Renault
421,Hyundai Grand i10 Sportz 1.2 Kappa VTVT,Hyundai,2014,340000,35000,Petrol,Hyundai
422,Honda Brio V MT,Honda,2012,235000,33000,Petrol,Honda
423,Mahindra TUV300 T4 Plus,Mahindra,2017,610000,68000,Diesel,Mahindra
424,Chevrolet Spark LS 1.0,Chevrolet,2010,95000,23000,Petrol,Chevrolet
425,Mahindra TUV300 T8,Mahindra,2018,1000000,4500,Diesel,Mahindra
426,Maruti Suzuki Swift Dzire Tour LDi,Maruti,2015,220000,129000,Diesel,Maruti
427,Nissan X Trail Select Variant,Nissan,2019,1200000,300,Diesel,Nissan
428,Maruti Suzuki Alto 800 Vxi,Maruti,2015,230000,5000,Petrol,Maruti
429,Ford Ikon 1.3 CLXi NXt Finesse,Ford,2001,45000,65000,Petrol,Ford
430,Toyota Fortuner 3.0 4x4 MT,Toyota,2010,940000,131000,Diesel,Toyota
431,Tata Manza ELAN Quadrajet,Tata,2010,155555,111111,Petrol,Tata
434,Mercedes Benz A Class A 180 Sport Petrol,Mercedes,2013,1500000,14000,Petrol,Mercedes
435,Chevrolet Beat LS Diesel,Chevrolet,2016,210000,22000,Diesel,Chevrolet
436,Ford EcoSport Trend 1.5L TDCi,Ford,2013,495000,38000,Diesel,Ford
437,Tata Indigo LS,Tata,2016,125000,70000,Diesel,Tata
438,Hyundai i20 Magna 1.2,Hyundai,2010,195000,36000,Petrol,Hyundai
439,Volkswagen Vento Highline Plus 1.5 Diesel AT,Volkswagen,2015,550000,34000,Diesel,Volkswagen
440,Renault Kwid RXT,Renault,2015,270000,43000,Petrol,Renault
442,Ford EcoSport Titanium 1.5L TDCi,Ford,2014,500000,40000,Diesel,Ford
443,Honda Amaze 1.5 E i DTEC,Honda,2016,240000,160000,Diesel,Honda
444,Hyundai Verna 1.6 EX VTVT,Hyundai,2017,800000,12000,Petrol,Hyundai
445,BMW 5 Series 520d Sedan,BMW,2011,1299000,49000,Diesel,BMW
446,Skoda Superb 1.8 TFSI AT,Skoda,2011,530000,68000,Petrol,Skoda
447,Audi Q3 2.0 TDI quattro Premium,Audi,2013,1499000,37000,Diesel,Audi
448,Mahindra Bolero DI BSII,Mahindra,2012,220000,59466,Diesel,Mahindra
450,Mahindra Scorpio S10,Mahindra,2015,900000,97200,Diesel,Mahindra
451,Ford Figo Duratorq Diesel Titanium 1.4,Ford,2012,250000,99000,Diesel,Ford
452,Maruti Suzuki Wagon R VXI BS IV,Maruti,2018,395000,25500,Petrol,Maruti
453,Mahindra Logan Diesel 1.5 DLS,Mahindra,2009,130000,66000,Petrol,Mahindra
454,Tata Nano GenX XMA,Tata,2010,32000,44005,Petrol,Tata
455,Mahindra TUV300 T4 Plus,Mahindra,2016,540000,35000,Diesel,Mahindra
456,Mahindra TUV300 T4 Plus,Mahindra,2016,540000,35000,Diesel,Mahindra
457,Hyundai Elite i20 Magna 1.2,Hyundai,2015,405000,28000,Petrol,Hyundai
458,Hyundai Elite i20 Magna 1.2,Hyundai,2015,400000,30000,Petrol,Hyundai
459,Honda City SV,Honda,2017,760000,4000,Petrol,Honda
460,Maruti Suzuki Baleno Delta 1.2,Maruti,2016,500000,28000,Petrol,Maruti
461,Ford Figo Petrol LXI,Ford,2011,175000,75000,Petrol,Ford
462,Mahindra Scorpio S10,Mahindra,2015,900000,97200,Diesel,Mahindra
463,Honda City,Honda,2017,750000,3000,Petrol,Honda
464,Hyundai Elite i20 Magna 1.2,Hyundai,2015,419000,20000,Petrol,Hyundai
465,Maruti Suzuki Versa DX2 8 SEATER BSIII,Maruti,2004,90000,50000,Petrol,Maruti
466,Hyundai Eon Era Plus,Hyundai,2018,140000,2110,Petrol,Hyundai
467,Mitsubishi Pajero Sport Limited Edition,Mitsubishi,2015,1540000,43222,Petrol,Mitsubishi
468,Hyundai i10 Magna 1.2 Kappa2,Hyundai,2008,275000,100200,Petrol,Hyundai
469,Toyota Corolla H2,Toyota,2003,150000,100000,Petrol,Toyota
470,Maruti Suzuki Swift Dzire Tour VXi,Maruti,2011,230000,65,Petrol,Maruti
471,Tata Indigo CS eLS BS IV,Tata,2015,123000,100000,Diesel,Tata
472,Mahindra Scorpio S10,Mahindra,2015,900000,97200,Diesel,Mahindra
473,Mahindra Scorpio S10,Mahindra,2015,900000,97200,Diesel,Mahindra
474,Hyundai Xcent Base 1.1 CRDi,Hyundai,2016,300000,140000,Diesel,Hyundai
475,Honda City,Honda,2015,499999,55000,Petrol,Honda
476,Hyundai Accent Executive Edition,Hyundai,2009,165000,48000,Petrol,Hyundai
477,Maruti Suzuki Baleno Delta 1.2,Maruti,2016,498000,22000,Petrol,Maruti
478,Tata Zest XE 75 PS Diesel,Tata,2018,480000,103553,Diesel,Tata
479,Maruti Suzuki Dzire LDI,Maruti,2017,488000,80000,Diesel,Maruti
480,Tata Sumo Gold LX BS IV,Tata,2014,250000,99000,Diesel,Tata
481,Toyota Corolla Altis GL Petrol,Toyota,2010,220000,58000,Petrol,Toyota
482,Maruti Suzuki Eeco 7 STR,Maruti,2013,290000,70000,LPG,Maruti
483,Toyota Fortuner 3.0 4x2 MT,Toyota,2015,1525000,120000,Diesel,Toyota
484,Mahindra XUV500 W6,Mahindra,2013,548900,49800,Diesel,Mahindra
485,Tata Tigor Revotron XZ,Tata,2019,650000,100,Diesel,Tata
486,Maruti Suzuki 800,Maruti,2001,55000,81876,Petrol,Maruti
487,Maruti Suzuki Ertiga Vxi,Maruti,2015,550000,75000,Petrol,Maruti
488,Maruti Suzuki Versa DX2 8 SEATER BSIII,Maruti,2004,90000,50000,Petrol,Maruti
489,Honda Mobilio S i DTEC,Honda,2014,399000,44000,Diesel,Honda
490,Maruti Suzuki Ertiga,Maruti,2016,730000,55000,Diesel,Maruti
491,Maruti Suzuki Vitara Brezza,Maruti,2017,725000,36000,Diesel,Maruti
492,Hyundai Verna 1.6 CRDI E,Hyundai,2016,195000,56000,Diesel,Hyundai
493,Maruti Suzuki Swift VXI BSIII,Maruti,2007,130000,62000,Petrol,Maruti
494,Toyota Fortuner 3.0 4x2 MT,Toyota,2015,1525000,120000,Diesel,Toyota
495,Maruti Suzuki Omni Select Variant,Maruti,2014,190000,6020,Petrol,Maruti
496,Honda Amaze,Honda,2013,250000,55700,Diesel,Honda
497,Tata Indica,Tata,2005,80000,42000,Petrol,Tata
498,Hyundai Santro Xing,Hyundai,2003,120000,50000,Petrol,Hyundai
499,Maruti Suzuki Zen Estilo,Maruti,2010,149000,35000,Petrol,Maruti
500,Maruti Suzuki Wagon R LXI BS IV,Maruti,2014,250000,18500,Petrol,Maruti
501,Maruti Suzuki Wagon R,Maruti,2007,120000,7000,Petrol,Maruti
502,Honda Brio VX AT,Honda,2017,450000,11000,Petrol,Honda
504,Maruti Suzuki Zen LXi BSII,Maruti,2003,99999,53000,Petrol,Maruti
505,Maruti Suzuki Zen Estilo LXI Green CNG,Maruti,2008,135000,23000,Petrol,Maruti
506,Maruti Suzuki Wagon R Select Variant,Maruti,2016,225000,35500,Diesel,Maruti
507,Maruti Suzuki Alto LXi BS III,Maruti,2010,99000,22134,Petrol,Maruti
508,Renault Kwid RXT,Renault,2019,370000,1000,Petrol,Renault
509,Tata Nano Lx BSIV,Tata,2010,52000,9000,Petrol,Tata
510,Jaguar XE XE Portfolio,Jaguar,2016,2800000,8500,Petrol,Jaguar
512,Hyundai Eon Magna Plus,Hyundai,2014,190000,35000,Petrol,Hyundai
513,Honda City 1.5 S MT,Honda,2014,499000,22000,Petrol,Honda
514,Hindustan Motors Ambassador,Hindustan,2002,90000,25000,Diesel,Hindustan
515,Maruti Suzuki Ritz GENUS VXI,Maruti,2010,149000,40000,Petrol,Maruti
516,Hyundai Grand i10 Magna AT 1.2 Kappa VTVT,Hyundai,2017,400000,20000,Petrol,Hyundai
517,Hyundai Eon D Lite Plus,Hyundai,2016,120000,87000,Petrol,Hyundai
518,Maruti Suzuki Swift Dzire VXi 1.2 BS IV,Maruti,2015,250000,55000,Petrol,Maruti
519,Maruti Suzuki Wagon R VXI BS IV,Maruti,2017,375000,23000,Petrol,Maruti
520,Honda Amaze 1.2 VX i VTEC,Honda,2014,381000,6000,Petrol,Honda
521,Maruti Suzuki Estilo VXi ABS BS IV,Maruti,2013,180000,65000,Petrol,Maruti
522,Maruti Suzuki Vitara Brezza LDi O,Maruti,2016,580000,25000,Diesel,Maruti
523,Maruti Suzuki Eeco 5 STR WITH AC HTR,Maruti,2015,278000,39000,Petrol,Maruti
525,Hyundai Creta 1.6 SX Plus Petrol AT,Hyundai,2016,1000000,8000,Petrol,Hyundai
526,Mahindra Scorpio Vlx BSIV,Mahindra,2013,690000,75000,Diesel,Mahindra
527,Maruti Suzuki Ertiga VDi,Maruti,2012,480000,51000,Diesel,Maruti
528,Mitsubishi Lancer 1.8 LXi,Mitsubishi,2006,85000,50000,Petrol,Mitsubishi
529,Maruti Suzuki Maruti 800 AC,Maruti,2001,40000,75000,Petrol,Maruti
530,Maruti Suzuki Alto 800 LXI CNG O,Maruti,2015,90000,55800,Petrol,Maruti
531,Hyundai Grand i10 Magna 1.2 Kappa VTVT,Hyundai,2015,340000,53000,Petrol,Hyundai
532,Hyundai Eon D Lite Plus,Hyundai,2018,260000,25000,Petrol,Hyundai
533,Ford Fiesta SXi 1.6 ABS,Ford,2009,250000,56400,Petrol,Ford
534,Maruti Suzuki Ritz VDi,Maruti,2010,180000,72160,Diesel,Maruti
535,Hyundai Verna Fluidic New,Hyundai,2012,350000,10000,Diesel,Hyundai
536,Maruti Suzuki Wagon R LXi BS III,Maruti,2006,90001,48000,Petrol,Maruti
537,Maruti Suzuki Estilo LX BS IV,Maruti,2007,115000,36000,Petrol,Maruti
538,Audi A6 2.0 TDI Premium,Audi,2012,1599000,11500,Diesel,Audi
539,Maruti Suzuki Wagon R LXi BS III,Maruti,2003,130000,133000,Petrol,Maruti
540,Maruti Suzuki Wagon R,Maruti,2009,159000,27000,Petrol,Maruti
541,Maruti Suzuki Wagon R,Maruti,2009,160000,35000,Petrol,Maruti
542,Maruti Suzuki Alto,Maruti,2010,110000,55000,Petrol,Maruti
543,Maruti Suzuki Baleno Sigma 1.2,Maruti,2016,425000,40000,Petrol,Maruti
544,Hyundai Verna 1.6 SX VTVT AT,Hyundai,2019,900000,2000,Petrol,Hyundai
545,Maruti Suzuki Swift GLAM,Maruti,2009,150000,45000,Petrol,Maruti
546,Hyundai Getz Prime 1.3 GVS,Hyundai,2009,110000,20000,Petrol,Hyundai
547,Hyundai Santro,Hyundai,2000,51999,88000,Petrol,Hyundai
548,Hyundai Getz Prime 1.3 GLX,Hyundai,2009,115000,20000,Petrol,Hyundai
549,Chevrolet Beat PS Diesel,Chevrolet,2012,215000,65422,Diesel,Chevrolet
550,Ford EcoSport Trend 1.5 Ti VCT,Ford,2017,580000,10000,Petrol,Ford
551,Maruti Suzuki Dzire ZXI,Maruti,2013,380000,35000,Petrol,Maruti
552,Hyundai Fluidic Verna 1.6 CRDi SX,Hyundai,2013,350000,117000,Diesel,Hyundai
553,Tata Indica V2 DLG,Tata,2005,35000,150000,Diesel,Tata
554,BMW X1 xDrive20d xLine,BMW,2011,1150000,72000,Diesel,BMW
555,Hyundai i20 Asta 1.2,Hyundai,2010,300000,10750,Petrol,Hyundai
556,Honda City 1.5 V AT,Honda,2009,269000,55000,Petrol,Honda
557,Tata Nano,Tata,2013,60000,6800,Petrol,Tata
558,Chevrolet Cruze LTZ AT,Chevrolet,2014,400000,41000,Diesel,Chevrolet
559,Hyundai Verna Fluidic New,Hyundai,2015,430000,73000,Diesel,Hyundai
561,Maruti Suzuki Swift Dzire VDi,Maruti,2011,140000,65000,Diesel,Maruti
563,Mahindra XUV500 W10,Mahindra,2018,1299000,40000,Diesel,Mahindra
564,Maruti Suzuki Alto K10 LXi CNG,Maruti,2014,199000,37000,Petrol,Maruti
565,Hyundai Accent GLE,Hyundai,2006,90000,55000,Petrol,Hyundai
566,Force Motors One SUV,Force,2013,550000,140000,Diesel,Force
568,Maruti Suzuki Alto,Maruti,2019,265000,9800,Petrol,Maruti
569,Chevrolet Spark 1.0 LT,Chevrolet,2011,100000,27000,Petrol,Chevrolet
570,Hyundai i10,Hyundai,2009,215000,27000,Petrol,Hyundai
571,Toyota Etios Liva GD,Toyota,2012,380000,20000,Diesel,Toyota
572,Renault Duster 85PS Diesel RxL Optional with Nav,Renault,2013,401919,57923,Diesel,Renault
573,Chevrolet Enjoy,Chevrolet,2014,490000,30201,Diesel,Chevrolet
574,Maruti Suzuki Alto 800 Lxi,Maruti,2017,280000,6200,Petrol,Maruti
575,BMW 5 Series 530i,BMW,2009,650000,37518,Petrol,BMW
576,Toyota Etios Liva G,Toyota,2014,160000,24652,Petrol,Toyota
577,Mahindra Jeep MM 550 XDB,Mahindra,2004,424000,383,Diesel,Mahindra
578,Chevrolet Beat LS Diesel,Chevrolet,2016,225000,95000,Diesel,Chevrolet
579,Chevrolet Cruze LTZ,Chevrolet,2011,350000,35000,Diesel,Chevrolet
580,Jeep Wrangler Unlimited 4x4 Diesel,Jeep,2015,950000,3528,Diesel,Jeep
581,Maruti Suzuki Ertiga VDi,Maruti,2013,485000,52500,Diesel,Maruti
582,Hyundai Verna VGT CRDi SX ABS,Hyundai,2010,205000,47900,Diesel,Hyundai
583,Maruti Suzuki Omni,Maruti,2012,160000,14000,Petrol,Maruti
584,Maruti Suzuki Celerio VDi,Maruti,2018,310000,37000,Petrol,Maruti
585,Tata Zest Quadrajet 1.3,Tata,2017,180000,90000,Diesel,Tata
586,Mahindra XUV500 W6,Mahindra,2013,549900,52800,Diesel,Mahindra
587,Tata Indigo CS eLX BS IV,Tata,2016,150000,104000,Diesel,Tata
588,Hyundai i10 Era,Hyundai,2011,175000,30000,Petrol,Hyundai
589,Tata Indigo eCS LX TDI BS III,Tata,2014,95000,195000,Diesel,Tata
590,Tata Indigo LX TDI BS III,Tata,2016,230000,104000,Diesel,Tata
591,Tata Indigo eCS LX CR4 BS IV,Tata,2016,230000,104000,Diesel,Tata
592,Tata Indigo Marina LS,Tata,2004,180000,70000,Diesel,Tata
594,Hyundai Xcent SX 1.2,Hyundai,2015,400000,43000,Diesel,Hyundai
595,Hyundai Eon Magna Plus,Hyundai,2013,185000,23000,Petrol,Hyundai
596,Renault Duster 85 PS RxL Diesel,Renault,2015,385000,51000,Diesel,Renault
597,Maruti Suzuki Alto K10 LXi CNG,Maruti,2009,90000,62000,Petrol,Maruti
598,Tata Nano LX Special Edition,Tata,2010,32000,48008,Petrol,Tata
600,Renault Duster 110 PS RxZ Diesel,Renault,2013,435000,39000,Diesel,Renault
601,Maruti Suzuki Wagon R AX BSIV,Maruti,2010,225000,40000,Petrol,Maruti
602,Maruti Suzuki Swift,Maruti,2006,189700,48247,Petrol,Maruti
603,Maruti Suzuki Ertiga,Maruti,2012,389700,39000,Diesel,Maruti
604,Maruti Suzuki Swift VXi 1.2 ABS BS IV,Maruti,2014,365000,23000,Petrol,Maruti
605,Maruti Suzuki Alto K10 New,Maruti,2017,360000,9400,Petrol,Maruti
606,Hyundai i20 Magna,Hyundai,2010,210000,50000,Petrol,Hyundai
607,Hyundai i10 Magna 1.2,Hyundai,2009,170000,75000,Petrol,Hyundai
609,Tata Zest XE 75 PS Diesel,Tata,2017,380000,70000,Diesel,Tata
610,Mahindra Xylo E8,Mahindra,2009,295000,64000,Diesel,Mahindra
611,Toyota Corolla Altis GL Petrol,Toyota,2010,185000,55000,Petrol,Toyota
612,Tata Manza Aqua Quadrajet,Tata,2014,160000,200000,Diesel,Tata
615,Renault Kwid 1.0,Renault,2018,290000,2137,Petrol,Renault
617,Tata Venture EX 8 STR,Tata,2013,100000,30000,Diesel,Tata
618,Maruti Suzuki Swift Dzire Tour LXi,Maruti,2014,315000,44000,Petrol,Maruti
620,Skoda Octavia Classic 1.9 TDI MT,Skoda,2006,114990,65000,Diesel,Skoda
621,Maruti Suzuki Omni LPG BS IV,Maruti,2012,120000,160000,LPG,Maruti
622,Chevrolet Beat Diesel,Chevrolet,2011,125000,56000,Diesel,Chevrolet
623,Tata Sumo Gold EX BS IV,Tata,2012,210000,75000,Diesel,Tata
625,Hyundai Verna 1.6 CRDI SX,Hyundai,2018,855000,42000,Diesel,Hyundai
626,Tata Sumo Gold EX BS IV,Tata,2012,210000,75000,Diesel,Tata
627,Mahindra Scorpio 2.6 CRDe,Mahindra,2007,260000,56000,Diesel,Mahindra
628,Maruti Suzuki Zen LXi BS III,Maruti,2002,95000,10544,Petrol,Maruti
629,Maruti Suzuki Swift Dzire VXi 1.2 BS IV,Maruti,2011,255000,64000,Petrol,Maruti
630,Mahindra Scorpio SLX 2.6 Turbo 8 Str,Mahindra,2008,300000,70000,Diesel,Mahindra
631,Hyundai Grand i10 Sportz 1.2 Kappa VTVT,Hyundai,2014,340000,25000,Petrol,Hyundai
632,Hyundai Elite i20 Sportz 1.2,Hyundai,2017,550000,15000,Petrol,Hyundai
633,Ford Ikon 1.6 Nxt,Ford,2003,60000,50000,Petrol,Ford
636,Toyota Innova 2.5 V 7 STR,Toyota,2011,750000,147000,Diesel,Toyota
637,Nissan Sunny XL,Nissan,2011,230000,52000,Petrol,Nissan
638,Chevrolet Beat LT Diesel,Chevrolet,2012,130000,90001,Diesel,Chevrolet
639,Maruti Suzuki Alto 800 Lxi,Maruti,2017,270000,21000,Petrol,Maruti
640,Maruti Suzuki Swift VDi BS IV,Maruti,2012,280000,48006,Diesel,Maruti
641,Maruti Suzuki Swift VDi BS IV,Maruti,2012,280000,48006,Diesel,Maruti
642,Maruti Suzuki Swift,Maruti,2012,280000,48006,Diesel,Maruti
644,Toyota Innova 2.0 G4,Toyota,2012,600000,80000,Diesel,Toyota
646,Maruti Suzuki Swift VDi ABS,Maruti,2010,190000,74000,Diesel,Maruti
647,Hyundai Elite i20 Asta 1.2,Hyundai,2015,500000,22000,Petrol,Hyundai
648,Mahindra XUV500 W10,Mahindra,2016,1065000,41000,Diesel,Mahindra
649,Volkswagen Polo Trendline 1.5L D,Volkswagen,2015,350000,25000,Diesel,Volkswagen
650,Toyota Etios Liva Diesel,Toyota,2012,350000,85000,Diesel,Toyota
651,Mahindra TUV300 T4 Plus,Mahindra,2016,540000,29500,Diesel,Mahindra
652,Hyundai Elite i20 Asta 1.2,Hyundai,2015,470000,30000,Petrol,Hyundai
653,Hyundai Santro Xing GLS,Hyundai,2014,179000,57000,Petrol,Hyundai
654,Maruti Suzuki Zen LXi BS III,Maruti,2003,48000,60000,Petrol,Maruti
655,Maruti Suzuki Ciaz ZXi Plus RS,Maruti,2016,650000,50000,Petrol,Maruti
656,Hyundai Eon Era Plus,Hyundai,2013,190000,39700,Petrol,Hyundai
657,Hyundai Elantra 1.8 S,Hyundai,2012,500000,65000,Petrol,Hyundai
658,Maruti Suzuki Swift VDi,Maruti,2010,270000,67000,Diesel,Maruti
659,Maruti Suzuki Zen Estilo LXI Green CNG,Maruti,2008,125000,46000,Petrol,Maruti
660,Hyundai Eon Era Plus,Hyundai,2012,188000,38000,Petrol,Hyundai
661,Hyundai Grand i10 Magna 1.2 Kappa VTVT,Hyundai,2016,380000,27000,Petrol,Hyundai
662,Hyundai Verna Fluidic New,Hyundai,2011,365000,43000,Diesel,Hyundai
663,Ford EcoSport Trend 1.5L Ti VCT,Ford,2014,465000,47000,Petrol,Ford
664,Hyundai i20 Magna,Hyundai,2011,240000,42000,Petrol,Hyundai
665,Chevrolet Beat Diesel,Chevrolet,2016,179999,19336,Diesel,Chevrolet
666,Tata Indica eV2 LS,Tata,2015,140000,60105,Diesel,Tata
667,Jaguar XF 2.2 Diesel Luxury,Jaguar,2013,2190000,29000,Diesel,Jaguar
668,Audi Q5 2.0 TDI quattro Premium Plus,Audi,2014,2390000,34000,Diesel,Audi
669,BMW 3 Series 320d Sedan,BMW,2011,1075000,35000,Diesel,BMW
670,Maruti Suzuki Swift ZXi 1.2 BS IV,Maruti,2015,475000,22000,Petrol,Maruti
671,BMW X1 sDrive20d,BMW,2012,1025000,41000,Diesel,BMW
672,Maruti Suzuki S Cross Sigma 1.3,Maruti,2016,615000,21000,Diesel,Maruti
673,Maruti Suzuki Ertiga LDi,Maruti,2013,475000,48000,Diesel,Maruti
674,Maruti Suzuki Alto K10 VXi AMT,Maruti,2016,270000,38000,Petrol,Maruti
675,Honda City SV,Honda,2014,475000,34000,Diesel,Honda
676,Volkswagen Vento Comfortline Petrol,Volkswagen,2011,240000,45933,Petrol,Volkswagen
677,Honda City 1.5 EXi New,Honda,2005,120000,68000,Petrol,Honda
678,Audi A4 2.0 TDI 177bhp Premium,Audi,2016,1900000,44000,Diesel,Audi
679,Mahindra KUV100,Mahindra,2017,360000,35000,Diesel,Mahindra
680,Tata Zest XE 75 PS Diesel,Tata,2018,450000,102563,Diesel,Tata
681,Mahindra XUV500 W8,Mahindra,2015,900000,28600,Diesel,Mahindra
682,Maruti Suzuki Swift Dzire Tour VDi,Maruti,2017,650000,41800,Diesel,Maruti
683,Tata Sumo Gold LX BS IV,Tata,2014,275000,116000,Diesel,Tata
684,Maruti Suzuki Swift Dzire VXi 1.2 BS IV,Maruti,2009,210000,59000,Petrol,Maruti
685,Mahindra Scorpio 2.6 SLX,Mahindra,2004,175000,58000,Diesel,Mahindra
686,Maruti Suzuki Omni 8 STR BS III,Maruti,2009,85000,45000,Petrol,Maruti
687,Mitsubishi Pajero Sport Limited Edition,Mitsubishi,2015,1490000,42590,Diesel,Mitsubishi
688,Renault Duster,Renault,2014,800000,7400,Diesel,Renault
689,Volkswagen Jetta Comfortline 1.9 TDI AT,Volkswagen,2009,450000,54500,Diesel,Volkswagen
690,Maruti Suzuki Ertiga Vxi,Maruti,2012,1000000,200000,Diesel,Maruti
691,Audi A4 2.0 TDI 177bhp Premium,Audi,2013,1510000,27000,Diesel,Audi
692,Volvo S80 Summum D4,Volvo,2015,1850000,42000,Diesel,Volvo
693,Toyota Corolla Altis VL AT Petrol,Toyota,2014,790000,29000,Petrol,Toyota
694,Mitsubishi Pajero Sport 2.5 AT,Mitsubishi,2015,1725000,37000,Diesel,Mitsubishi
695,Chevrolet Beat LT Petrol,Chevrolet,2012,135000,36000,Petrol,Chevrolet
696,BMW X1,BMW,2011,1000000,34000,Diesel,BMW
697,Datsun Redi GO S,Datsun,2018,299999,7000,Petrol,Datsun
698,Mercedes Benz C Class C 220 CDI Avantgarde,Mercedes,2009,1225000,76000,Diesel,Mercedes
699,Mahindra Scorpio SLX,Mahindra,2004,175000,60000,Diesel,Mahindra
700,Volkswagen Vento Comfortline Diesel,Volkswagen,2011,200000,95000,Diesel,Volkswagen
701,Tata Indigo CS GLS,Tata,2017,270000,50000,Diesel,Tata
702,Ford Figo Petrol Titanium,Ford,2019,525000,0,Petrol,Ford
703,Honda City ZX GXi,Honda,2006,180000,50000,Petrol,Honda
704,Maruti Suzuki Wagon R Duo Lxi,Maruti,2008,140000,68000,Petrol,Maruti
705,Ford EcoSport Trend 1.5L TDCi,Ford,2014,400000,16000,Petrol,Ford
706,Maruti Suzuki Swift Dzire VDi,Maruti,2016,499000,51000,Diesel,Maruti
707,Maruti Suzuki Omni 8 STR BS III,Maruti,2009,85000,56000,Petrol,Maruti
708,Maruti Suzuki Zen LX BSII,Maruti,2004,70000,100000,Petrol,Maruti
709,Renault Duster RxL Petrol,Renault,2015,550000,36000,Petrol,Renault
710,Maruti Suzuki Swift VXi 1.2 BS IV,Maruti,2014,370000,11523,Petrol,Maruti
711,Maruti Suzuki Baleno Zeta 1.2,Maruti,2018,690000,1000,Petrol,Maruti
712,Honda WR V S MT Petrol,Honda,2009,250000,60000,Petrol,Honda
713,Tata Indigo CS eLX BS IV,Tata,2016,110000,85000,Diesel,Tata
714,Renault Duster 110 PS RxL Diesel,Renault,2013,490000,38600,Diesel,Renault
715,Mahindra Scorpio LX BS III,Mahindra,2009,320000,95500,Diesel,Mahindra
716,Maruti Suzuki Zen LXi BS III,Maruti,2004,68000,56000,Petrol,Maruti
717,Maruti Suzuki Wagon R LXi BS III,Maruti,2014,130000,37458,Petrol,Maruti
718,Maruti Suzuki SX4 Celebration Diesel,Maruti,2016,970000,85960,Diesel,Maruti
719,Audi A3 Cabriolet 40 TFSI,Audi,2015,3100000,12516,Petrol,Audi
720,Hyundai Eon D Lite Plus,Hyundai,2018,280000,35000,Petrol,Hyundai
721,Maruti Suzuki Zen Estilo LXI Green CNG,Maruti,2009,125000,0,Petrol,Maruti
722,Mahindra Scorpio SLX,Mahindra,2008,285000,80000,Diesel,Mahindra
724,Hyundai Santro AE GLS Audio,Hyundai,2011,165000,45000,Petrol,Hyundai
726,Maruti Suzuki Swift Dzire Tour VDi,Maruti,2009,250000,51000,Diesel,Maruti
727,Mahindra Scorpio S4,Mahindra,2015,865000,30000,Diesel,Mahindra
729,Mahindra Xylo D2 BS IV,Mahindra,2011,390000,48000,Diesel,Mahindra
730,Hyundai Santro,Hyundai,2003,60000,51000,Petrol,Hyundai
731,Chevrolet Beat LT Diesel,Chevrolet,2015,215000,90000,Diesel,Chevrolet
732,Maruti Suzuki Swift Dzire VDi,Maruti,2015,475000,43000,Diesel,Maruti
733,Mahindra XUV500 W8,Mahindra,2015,899000,53000,Diesel,Mahindra
734,Toyota Fortuner 3.0 4x4 MT,Toyota,2013,1499000,97000,Diesel,Toyota
735,Maruti Suzuki Alto K10 VXi,Maruti,2013,240000,20000,Petrol,Maruti
736,Hyundai Getz GLE,Hyundai,2007,99000,55000,Petrol,Hyundai
737,Maruti Suzuki Swift Dzire Tour LDi,Maruti,2014,260000,120000,Diesel,Maruti
738,Hyundai Creta 1.6 SX,Hyundai,2019,1200000,0,Petrol,Hyundai
739,Hyundai Santro Xing XL AT eRLX Euro III,Hyundai,2007,115000,46000,Petrol,Hyundai
740,Hyundai Santro Xing XL eRLX Euro III,Hyundai,2009,88000,43200,Petrol,Hyundai
741,Mahindra Xylo D2 BS IV,Mahindra,2011,390000,56000,Diesel,Mahindra
742,Hyundai Santro Xing XL eRLX Euro III,Hyundai,2007,135000,42000,Petrol,Hyundai
743,Tata Indica V2 DLS BS III,Tata,2009,90000,30600,Diesel,Tata
744,Hyundai i10 Sportz 1.2,Hyundai,2011,220000,38000,Petrol,Hyundai
745,Hyundai Grand i10 Magna 1.2 Kappa VTVT,Hyundai,2017,424999,2550,Petrol,Hyundai
746,Hyundai Santro Xing XL AT eRLX Euro III,Hyundai,2007,135000,47000,Petrol,Hyundai
747,Honda City 1.5 E MT,Honda,2005,95000,41000,Petrol,Honda
748,Nissan Micra XL,Nissan,2017,430000,62500,Diesel,Nissan
749,Honda City 1.5 S Inspire,Honda,2005,115000,68000,Petrol,Honda
750,Maruti Suzuki Alto 800 Lxi,Maruti,2015,215000,50000,Petrol,Maruti
751,Maruti Suzuki Wagon R LX BS III,Maruti,2004,53000,69000,Petrol,Maruti
752,Maruti Suzuki Ertiga VDi,Maruti,2012,500000,48000,Diesel,Maruti
753,Tata Indica eV2 eXeta eGLX,Tata,2012,85000,55000,Diesel,Tata
754,Maruti Suzuki Omni E 8 STR BS IV,Maruti,2013,165000,25000,Petrol,Maruti
755,Hyundai Eon Era Plus,Hyundai,2014,200000,28400,Petrol,Hyundai
756,Hyundai Eon,Hyundai,2014,200000,28000,Petrol,Hyundai
757,Maruti Suzuki Swift LDi,Maruti,2015,425000,42000,Diesel,Maruti
759,Hyundai Verna 1.6 CRDI SX Plus AT,Hyundai,2012,600000,29000,Diesel,Hyundai
760,Chevrolet Tavera LS B3 10 Seats BSII,Chevrolet,2005,130000,68485,Diesel,Chevrolet
761,Tata Tiago Revotron XM,Tata,2018,430000,3500,Petrol,Tata
762,Tata Tiago Revotorq XZ,Tata,2019,568500,0,Petrol,Tata
765,Maruti Suzuki Zen LXi BS III,Maruti,2006,71000,32000,Petrol,Maruti
766,Mahindra KUV100 K8 D 6 STR,Mahindra,2018,560000,8000,Diesel,Mahindra
767,Ford EcoSport Titanium 1.5 TDCi,Ford,2014,590000,34000,Diesel,Ford
768,Hindustan Motors Ambassador Classic Mark 4 – Befo,Hindustan,1995,750000,37000,Petrol,Hindustan
769,Ford Fusion 1.4 TDCi Diesel,Ford,2007,125000,85455,Diesel,Ford
770,Hyundai Santro Xing XL AT eRLX Euro III,Hyundai,2007,135000,46000,Petrol,Hyundai
771,Hyundai Santro,Hyundai,2002,60000,47000,Petrol,Hyundai
772,Fiat Linea Emotion 1.4 L T Jet Petrol,Fiat,2009,120000,64000,Petrol,Fiat
773,Ford Ikon 1.3 Flair Josh 100,Ford,2008,95000,46000,Petrol,Ford
774,Maruti Suzuki Omni E 8 STR BS IV,Maruti,2017,240000,8000,Petrol,Maruti
775,Tata Indica V2 LS,Tata,2012,115000,64000,Diesel,Tata
776,Mahindra Scorpio S4,Mahindra,2015,795000,63000,Diesel,Mahindra
777,Hyundai Santro Xing XL eRLX Euro III,Hyundai,2007,55000,65000,Petrol,Hyundai
778,Mahindra Xylo D2,Mahindra,2009,300000,62000,Diesel,Mahindra
779,Hyundai Grand i10 Asta 1.2 Kappa VTVT,Hyundai,2014,320000,41000,Petrol,Hyundai
780,Maruti Suzuki Alto 800 Lxi,Maruti,2015,265000,14000,Petrol,Maruti
781,Toyota Corolla,Toyota,2006,160000,40000,Petrol,Toyota
782,Hyundai Eon Magna,Hyundai,2017,300000,1600,Petrol,Hyundai
783,Tata Sumo Grande MKII GX,Tata,2010,130000,90000,Diesel,Tata
784,Maruti Suzuki Swift VDi,Maruti,2011,250000,58000,Diesel,Maruti
785,Volkswagen Polo Highline1.2L P,Volkswagen,2013,380000,27000,Petrol,Volkswagen
786,Maruti Suzuki Alto 800 Lx,Maruti,2003,42000,60000,Petrol,Maruti
787,Tata Tiago Revotron XZ,Tata,2017,400000,31000,Petrol,Tata
788,Maruti Suzuki Swift LDi,Maruti,2009,120000,90000,Diesel,Maruti
789,Maruti Suzuki Swift VDi,Maruti,2009,120000,90000,Diesel,Maruti
790,Tata Indigo eCS,Tata,2016,130000,150000,Diesel,Tata
791,Chevrolet Beat LS Diesel,Chevrolet,2014,189000,31000,Diesel,Chevrolet
793,Mahindra Xylo E8 BS IV,Mahindra,2011,365000,43000,Diesel,Mahindra
794,Hyundai Eon D Lite Plus,Hyundai,2013,170000,20000,Petrol,Hyundai
804,Tata Sumo Gold FX BSIII,Tata,2013,215000,100000,Petrol,Tata
813,Tata Nano,Tata,2013,60000,7000,Petrol,Tata
814,Hyundai Elite i20,Hyundai,2017,599999,31000,Petrol,Hyundai
815,Hyundai i10 Magna 1.2 Kappa2,Hyundai,2009,400000,33000,Petrol,Hyundai
816,Hyundai Creta,Hyundai,2016,900000,60000,Diesel,Hyundai
817,Volkswagen Polo,Volkswagen,2013,299999,48000,Diesel,Volkswagen
818,Maruti Suzuki Dzire,Maruti,2014,374999,33000,Petrol,Maruti
819,Tata Bolt XM Petrol,Tata,2015,600000,15000,Petrol,Tata
820,Maruti Suzuki Alto 800 Lx,Maruti,2005,70000,47000,Petrol,Maruti
821,Maruti Suzuki Alto,Maruti,2005,100000,40000,Petrol,Maruti
823,Maruti Suzuki Ritz,Maruti,2010,150000,38000,Diesel,Maruti
824,Maruti Suzuki Alto 800 Lxi,Maruti,2017,225000,12500,Petrol,Maruti
825,Maruti Suzuki Dzire,Maruti,2009,210000,42000,Petrol,Maruti
827,Hyundai i20 Asta,Hyundai,2014,425000,31000,Petrol,Hyundai
828,Maruti Suzuki Swift Select Variant,Maruti,2008,162000,60000,Diesel,Maruti
829,Tata Indica V2 DLX BS III,Tata,2005,60000,80000,Diesel,Tata
830,Mahindra Scorpio VLX 2.2 mHawk Airbag BSIV,Mahindra,2014,650000,77000,Diesel,Mahindra
831,Toyota Innova 2.5 E 8 STR,Toyota,2012,750000,75000,Diesel,Toyota
832,Mahindra Xylo E8,Mahindra,2010,375000,40000,Diesel,Mahindra
833,Hyundai i20 Magna 1.2,Hyundai,2011,230000,47000,Petrol,Hyundai
834,Maruti Suzuki Omni,Maruti,2000,35999,60000,Petrol,Maruti
835,Mahindra KUV100,Mahindra,2016,380000,26500,Petrol,Mahindra
836,Mahindra KUV100 K8 6 STR,Mahindra,2019,560000,2875,Petrol,Mahindra
837,Datsun Go Plus,Datsun,2016,285000,13900,Petrol,Datsun
838,Ford Endeavor 4x4 Thunder Plus,Ford,2019,2900000,9000,Diesel,Ford
839,Tata Indica V2,Tata,2005,39999,80000,Diesel,Tata
840,Hyundai Santro Xing GL,Hyundai,2006,85000,60000,Petrol,Hyundai
841,Maruti Suzuki Wagon R 1.0 VXi,Maruti,2016,395000,20000,Petrol,Maruti
842,Maruti Suzuki Swift Select Variant,Maruti,2008,175000,58000,Diesel,Maruti
843,Maruti Suzuki Alto 800 Lx,Maruti,2019,400000,1500,Petrol,Maruti
844,Toyota Innova 2.5 Z Diesel 7 Seater,Toyota,2011,750000,75000,Diesel,Toyota
846,Maruti Suzuki Alto 800,Maruti,2016,250000,2450,Petrol,Maruti
847,Maruti Suzuki Alto AX,Maruti,2019,425000,1625,Petrol,Maruti
849,Volkswagen Polo Highline1.2L P,Volkswagen,2017,525000,45000,Petrol,Volkswagen
850,Mahindra Logan,Mahindra,2009,130000,65000,Diesel,Mahindra
851,Maruti Suzuki 800 Std BS III,Maruti,2000,30000,33400,Petrol,Maruti
852,Mahindra Scorpio,Mahindra,2011,475000,60123,Diesel,Mahindra
853,Chevrolet Sail 1.2 LS,Chevrolet,2013,300000,28000,Petrol,Chevrolet
855,Hyundai Santro AE GLS Audio,Hyundai,2003,60000,70000,Petrol,Hyundai
856,Maruti Suzuki Wagon R VXi Minor,Maruti,2006,100000,7000,Petrol,Maruti
857,Hyundai Eon,Hyundai,2018,260000,25000,Petrol,Hyundai
858,Tata Manza,Tata,2015,100000,100000,Diesel,Tata
860,Toyota Etios G,Toyota,2013,265000,42000,Petrol,Toyota
861,Hyundai Getz Prime 1.3 GLX,Hyundai,2009,115000,20000,Petrol,Hyundai
862,Toyota Qualis,Toyota,2003,180000,100000,Diesel,Toyota
863,Hyundai Santro Xing,Hyundai,2004,45000,137495,Petrol,Hyundai
864,Tata Indica eV2 LS,Tata,2016,50500,91200,Diesel,Tata
865,Honda City 1.5 S MT,Honda,2009,270000,55000,Petrol,Honda
866,Tata Zest XE 75 PS Diesel,Tata,2017,290000,120000,Diesel,Tata
867,Mahindra Quanto C4,Mahindra,2013,325000,63000,Diesel,Mahindra
868,Tata Indigo eCS LX CR4 BS IV,Tata,2016,160000,104000,Diesel,Tata
869,Maruti Suzuki Swift Dzire,Maruti,2016,350000,146000,Diesel,Maruti
870,Hyundai Elite i20,Hyundai,2011,290000,40000,Petrol,Hyundai
871,Hyundai i20 Select Variant,Hyundai,2011,290000,40000,Petrol,Hyundai
872,Chevrolet Tavera Neo,Chevrolet,2007,465000,100800,Diesel,Chevrolet
873,Maruti Suzuki Dzire,Maruti,2016,325000,150000,Diesel,Maruti
874,Hyundai Elite i20,Hyundai,2018,510000,2100,Petrol,Hyundai
875,Honda City VX Petrol,Honda,2016,860000,95000,Petrol,Honda
876,Maruti Suzuki Dzire,Maruti,2016,450000,2500,Diesel,Maruti
877,Hyundai Getz,Hyundai,2006,125000,80000,Petrol,Hyundai
878,Mercedes Benz C Class 200 K MT,Mercedes,2006,500001,15000,Petrol,Mercedes
879,Maruti Suzuki Alto LXi BS III,Maruti,2005,95000,65000,Petrol,Maruti
880,Maruti Suzuki Swift Dzire Tour VDi,Maruti,2009,250000,51000,Diesel,Maruti
881,Skoda Fabia,Skoda,2009,110000,45000,Petrol,Skoda
883,Maruti Suzuki Ritz VXI ABS,Maruti,2011,270000,50000,Petrol,Maruti
885,Tata Indica V2 DLE BS III,Tata,2009,110000,30000,Diesel,Tata
886,Toyota Corolla Altis,Toyota,2009,300000,132000,Petrol,Toyota
888,Tata Zest XM Diesel,Tata,2018,260000,27000,Diesel,Tata
889,Mahindra Quanto C8,Mahindra,2013,390000,40000,Diesel,Mahindra
